اسم العرض,نبدة & تعريف عن العرض,بداية العرض,نهاية العرض,طريقة الدفع,مكانه علي النولدج
عرض الكاش باك الحصري (اسوس ASUS ),"عرض الكاش باك الحصري (اسوس ASUS )
 اشتري لابتوب ASUS واستمتع بكاش باك (قسيمة مشتريات)
اختار المنتج اللي نفسك فيه من مجموعة منتجات IT & Gaming Accessories
واستفد من قيمة الكاش باك فورًا ",31 اكتوبر ,30 نوفمبر,كاش باك,http://crm-btech.b-tech.local/BTECH/main.aspx?etc=127&extraqs=%3fetc%3d127%26id%3d%257bc3dd6495-87b6-f011-812c-fc523eed4565%257d&histKey=961647902&newWindow=true&pagetype=entityrecord#923168458
عروض البلاك فرايدي – عروض الإلكترونيات والهواتف المحمولة,عروض الـ   BElectronics & Mobile offers   خصم على سعر المنتج,31 اكتوبر ,30 نوفمبر,كاش ، خصم على سعر المنتج,http://crm-btech.b-tech.local/BTECH/main.aspx?etc=127&extraqs=%3fetc%3d127%26id%3d%257bd2e1f0fe-8fb5-f011-812c-fc523eed4565%257d&histKey=961647902&newWindow=true&pagetype=entityrecord#904574832
عروض SDA × بي تك – البلاك فرايداي,"عروض SDA × بي تك – البلاك فرايداي
 استمتع بخصومات قوية على منتجات SDA
الخصم على سعر المنتج 
السعر بعد الخصم على السيستم يتم ابلاغ العميل بالسعر الموجود على السيستم",31 اكتوبر ,30 نوفمبر,كاش ، خصم على سعر المنتج,http://crm-btech.b-tech.local/BTECH/main.aspx?etc=127&extraqs=%3fetc%3d127%26id%3d%257ba5ef61da-7fb6-f011-812c-fc523eed4565%257d&histKey=961647902&newWindow=true&pagetype=entityrecord#986286345
عرض بنادل الشاشات البلاك فرايداي × بي تك," عرض بنادل الشاشات البلاك فرايداي × بي تك
اشتري تلفزيونك المفضل ومعاه سماعة أو حامل حائط بأقوى عرض في الموسم",31 اكتوبر ,30 نوفمبر,كاش ، خصم على سعر المنتج,http://crm-btech.b-tech.local/BTECH/main.aspx?etc=127&extraqs=%3fetc%3d127%26id%3d%257be0f9aee4-82b6-f011-812c-fc523eed4565%257d&histKey=961647902&newWindow=true&pagetype=entityrecord#683588633
عروض البلاك فرايداي – لاب توب   ,"عروض البلاك فرايداي – لاب توب   
استعد لأقوى تخفيضات البلاك فرايداي مع بي تك على مجموعة مختارة من أجهزة اللابتوب المميزة 
كل الأسعار بعد الخصم متاحة على السيستم ",31 اكتوبر ,30 نوفمبر  او نفاذ الكمية,كاش ، خصم على سعر المنتج,http://crm-btech.b-tech.local/BTECH/main.aspx?etc=127&extraqs=%3fetc%3d127%26id%3d%257bd217805e-8ab6-f011-812c-fc523eed4565%257d&histKey=961647902&newWindow=true&pagetype=entityrecord#296556025
عروض نستله × بي تك – شهر نوفمبر 2025 ,"عروض نستله × بي تك – شهر نوفمبر 2025 
 خلال الـبلاك فرايدي مع بي تك
دلوقتي لما تشتري أي مبرد مياه من بي تك هتحصل على عدد 2 جالون مياه نستله مجانًا 💦
 العرض ساري المبردات فقط متاح :   الفروع  –  كول سنتر –  أونلاين
العرض علي ماركات محددة",1 نوفمبر,30 نوفمبر,كاش / هدية,http://crm-btech.b-tech.local/BTECH/main.aspx?etc=127&extraqs=%3f_CreateFromId%3d%257b55FB9F03-10EE-EB11-80E7-A1C3838D42E9%257d%26_CreateFromType%3d10067%26etc%3d127%26id%3d%257bC0BC6FF4-4AB7-F011-812C-FC523EED4565%257d&histKey=896002089&newWindow=true&pagetype=entityrecord#648580199
عروض أجهزة الطهي – نوفمبر 2025,"عروض أجهزة الطهي – نوفمبر 2025
 العرض ساري على: كل العملاء (كاش – شركات التمويل الاستهلاكي – فيزا)",1 نوفمبر,30 نوفمبر,كاش / فيزا / تمويل,http://crm-btech.b-tech.local/BTECH/main.aspx?etc=127&extraqs=%3f_CreateFromId%3d%257b55FB9F03-10EE-EB11-80E7-A1C3838D42E9%257d%26_CreateFromType%3d10067%26etc%3d127%26id%3d%257b66806B7C-86BC-F011-812C-FC523EED4565%257d&histKey=875313595&newWindow=true&pagetype=entityrecord#408290844
OLED عرض الكاش باك من سامسونج على شاشات,"عرض الكاش باك من سامسونج على شاشاتOLED   
 من 9 نوفمبر حتى 30 نوفمبر 2025
العرض ساري علي الكاش – شركات التمويل الاستهلاكي – الفيزا",,,كاش / فيزا / تمويل,http://crm-btech.b-tech.local/BTECH/main.aspx?etc=127&extraqs=%3f_CreateFromId%3d%257b55FB9F03-10EE-EB11-80E7-A1C3838D42E9%257d%26_CreateFromType%3d10067%26etc%3d127%26id%3d%257bB5E6097E-44BD-F011-812C-FC523EED4565%257d&histKey=756984807&newWindow=true&pagetype=entityrecord#362414189
عرض حصري على شاشات الترا نقل مجانى,خصم خاص + توصيل مجاني,24 سبتمبر,حتي اشعار اخر,كاش & شركات تمويل,http://crm-btech.b-tech.local/BTECH/main.aspx?etc=127&extraqs=%3fetc%3d127%26id%3d%257b2f191b0d-2299-f011-812c-fc523eed4565%257d&histKey=961647902&newWindow=true&pagetype=entityrecord#970407009
عروض تكييفات العربى ( شارب – تورنيدو ) ,عروض على كل القدرات من 1.5 حصان الى 5 حصان انفرتر و عادي خصومات بتوصل لاكتر من 15 %,11 اكتوبر,حتى نفاذ الكمية,كاش,http://crm-btech.b-tech.local/BTECH/main.aspx?etc=127&extraqs=%3fetc%3d127%26id%3d%257b79c0b611-3ca7-f011-812c-fc523eed4565%257d&histKey=961647902&newWindow=true&pagetype=entityrecord#
عرض العربى كاش باك ( كاش فقط),عرض العربى كاش باك العرض سارى على منتجات العربى ماعدا التكييفات واجهزه الاضاءه والساعات والاجهزه المكتبيه والبلاى ستيشن ,12 اكتوبر,30 نوفمبر او نفاذ الكمية,كاش,http://crm-btech.b-tech.local/BTECH/main.aspx?etc=127&extraqs=%3fetc%3d127%26id%3d%257b0a1eef52-70a7-f011-812c-fc523eed4565%257d&histKey=961647902&newWindow=true&pagetype=entityrecord#
عرض خصم علي منتجات بيكو بعض (الثلاجات - البوتجازات),عرض خصم حتي 33% علي بعض الثلاجات والبوتجازات,13 اكتوبر,حتى نفاذ الكمية,كاش,http://crm-btech.b-tech.local/BTECH/main.aspx?etc=127&extraqs=%3fetc%3d127%26id%3d%257ba716edeb-dba8-f011-812c-fc523eed4565%257d&histKey=961647902&newWindow=true&pagetype=entityrecord#
 عرض خاص على منتجات فلتر منلو – نوفمبر 2025," عرض خاص على منتجات فلتر منلو – نوفمبر 2025
 اشتريِ فلتر منلو واستمتع بكاش باك مميز!
مدة العرض: من 2  نوفمبر حتى 30 نوفمبر 2025
نوع العرض: كاش باك على منتجات فلتر منلو
 العرض ساري على الكاش فقط 
لا يسري العرض على شركات التمويل الاستهلاكي",2 نوفمبر,30 نوفمبر,كاش,http://crm-btech.b-tech.local/BTECH/main.aspx?etc=127&extraqs=%3f_CreateFromId%3d%257b55FB9F03-10EE-EB11-80E7-A1C3838D42E9%257d%26_CreateFromType%3d10067%26etc%3d127%26id%3d%257bF3A55AEF-21B8-F011-812C-FC523EED4565%257d&histKey=692415162&newWindow=true&pagetype=entityrecord#708259741
كاش باك شهر نوفمبر عروض راش براش,"عرض كاش باك على منتجات راش براش
العرض ساري على الكاش و شركات التمويل الاستهلاكي او فيزا",3 نوفمبر,30 نوفمبر,كاش,http://crm-btech.b-tech.local/BTECH/main.aspx?etc=127&extraqs=%3f_CreateFromId%3d%257b55FB9F03-10EE-EB11-80E7-A1C3838D42E9%257d%26_CreateFromType%3d10067%26etc%3d127%26id%3d%257b4B1BC61C-A6B8-F011-812C-FC523EED4565%257d&histKey=845962877&newWindow=true&pagetype=entityrecord#61450260
عروض خاصة  لشركة العربي تم تفعيل  (Starz Play & Shahid VIP ) ,عروض خاصة للشاشات لشركة العربي تم تفعيل  (Starz Play & Shahid VIP ) ,1 نوفمبر,30 نوفمبر,كاش,http://crm-btech.b-tech.local/BTECH/main.aspx?etc=127&extraqs=%3f_CreateFromId%3d%257b55FB9F03-10EE-EB11-80E7-A1C3838D42E9%257d%26_CreateFromType%3d10067%26etc%3d127%26id%3d%257b8471E0F7-45BA-F011-812C-FC523EED4565%257d&histKey=256628365&newWindow=true&pagetype=entityrecord#802090685
عروض تقسيط بنك QNB,قسط بفترة سداد 6 شهور بـ (0%  مقدم +  0%  فائدة +  0% مصاريف إدارية),13 اكتوبر,31 ديسمبر,فيزا ,http://crm-btech.b-tech.local/BTECH/main.aspx?etc=127&extraqs=%3fetc%3d127%26id%3d%257b61b76f0a-20a8-f011-812c-fc523eed4565%257d&histKey=961647902&newWindow=true&pagetype=entityrecord#
عروض تقسيط بنك قناة السويس ,"العرض الأول : فترة سداد 6 و 12 شهر (0% مقدم + 0% فوائد + 0% مصاريف ادارية) 

العرض الثاني : فترة سداد 18 شهر (0% مقدم + 0% فوائد + مصاريف ادرية) ",1 اكتوبر,31 ديسمبر,فيزا,http://crm-btech.b-tech.local/BTECH/main.aspx?etc=127&extraqs=%3fetc%3d127%26id%3d%257bb237ed5b-959e-f011-812c-fc523eed4565%257d&histKey=961647902&newWindow=true&pagetype=entityrecord#
عرض بنك مصر × بي تك بدون فؤائد,"فترة سداد 9 و 12 شهر (0% مقدم + 0% فوائد + 0% مصاريف ادارية) 
",1 نوفمبر,30 نوفمبر,فيزا,http://crm-btech.b-tech.local/BTECH/main.aspx?etc=127&extraqs=%3fetc%3d127%26id%3d%257be8338257-78b6-f011-812c-fc523eed4565%257d&histKey=961647902&newWindow=true&pagetype=entityrecord#622257885
عرض بنك الإمارات دبي الوطني × بي تك – البلاك فرايداي,"عرض بنك الإمارات دبي الوطني × بي تك – البلاك فرايداي
 العرض متاح لحاملي بطاقات ائتمان بنك الإمارات دبي الوطني فقط

العرض الأول : فترة سداد 6 شهور (0% مقدم + 0% فوائد + 0% مصاريف ادارية) 

العرض الثاني : فترة سداد 12 شهر (0% مقدم + 0% فوائد + 11.5%مصاريف ادرية)

العرض الثاني : فترة سداد 18 شهر (0% مقدم + 0% فوائد + 15.5%مصاريف ادرية)",1 نوفمبر,30 نوفمبر,فيزا,http://crm-btech.b-tech.local/BTECH/main.aspx?etc=127&extraqs=%3fetc%3d127%26id%3d%257b91721b82-8cb6-f011-812c-fc523eed4565%257d&histKey=961647902&newWindow=true&pagetype=entityrecord#413068616
عرض البلاك فرايداي من البنك الأهلي المصري و بي تك,"عروض تقسيط البنك الأهلي × بي تك 
فترة العرض: من 1 نوفمبر 2025 حتى 30 نوفمبر 2025
العرض ساري في جميع فروع بي تك والكول سنتر
 دلوقتي تقدر تشتري كل اللي نفسك فيه من بي تك بالتقسيط بدون مقدم وبدون فوائد!

تقسيط على جميع المنتجات علي 18 شهر (0% مقدم + 0% فوائد + 0% مصاريف ادارية) 

تقسيط عرض العربي (على منتجات العربي فقط) 18 شهر (0% مقدم + 0% فوائد + 0% مصاريف ادارية) ",1 نوفمبر,30 نوفمبر,فيزا,http://crm-btech.b-tech.local/BTECH/main.aspx?etc=127&extraqs=%3f_CreateFromId%3d%257b55FB9F03-10EE-EB11-80E7-A1C3838D42E9%257d%26_CreateFromType%3d10067%26etc%3d127%26id%3d%257bBA9CF5A9-1CB7-F011-812C-FC523EED4565%257d&histKey=547814138&newWindow=true&pagetype=entityrecord#5165610
عروض التقسيط من بنك CIB,"العرض الأول :
عرض تقسيط بدون فوائد (لمدة 12 شهرًا) عن طريق الكول سنتر وهو :  (0% مقدم + 0% فوائد + 0% مصاريف ادارية) 
الأيام المتاحة: كل جمعة وسبت خلال شهر نوفمبر فقط
وتشمل التواريخ : 1 – 7 – 8 – 14 – 15 – 21 – 22 – 28 – 29

العرض التاني :
عرض العربي (18 شهر بدون فوائد)
 (0% مقدم + 0% فوائد + 0% مصاريف ادارية) 
المدة الزمنية: متاح جميع أيام شهر نوفمبر",حسب ايام العرض,حسب ايام العرض,فيزا,http://crm-btech.b-tech.local/BTECH/main.aspx?etc=127&extraqs=%3f_CreateFromId%3d%257b55FB9F03-10EE-EB11-80E7-A1C3838D42E9%257d%26_CreateFromType%3d10067%26etc%3d127%26id%3d%257b62702E8A-25B7-F011-812C-FC523EED4565%257d&histKey=623382668&newWindow=true&pagetype=entityrecord#116451022
"عرض ""كليڤر Klivvr""مع بي تك للبلاك فرايدي","عرض ""كليڤر Klivvr""مع بي تك للبلاك فرايدي علي جميع المنتجات
في الفروع فقط
العرض ساري علي فترة سداد 24 شهر فقط
العرض هو (0% مقدم + 0% مصاريف + خصم 30% علي سعر المنتج)",5 نوفمبر,30 نوفمبر,"شركات تمويل""كليڤر Klivvr""",http://crm-btech.b-tech.local/BTECH/main.aspx?etc=127&extraqs=%3fetc%3d127%26id%3d%257bcf2a16fc-63b6-f011-812c-fc523eed4565%257d&histKey=961647902&newWindow=true&pagetype=entityrecord#
 عروض مايلو للكول سنتر والفروع ," عروض مايلو للكول سنتر والفروع 
 الفترة من 9 نوفمبر حتى 11 نوفمبر
يتم الدخول علي الارتيكال من اللينك لمعرفة التفاصيل",9 نوفمبر,11 نوفمبر,"شركات تمويل ""مايلو""",http://crm-btech.b-tech.local/BTECH/main.aspx?etc=127&extraqs=%3f_CreateFromId%3d%257b55FB9F03-10EE-EB11-80E7-A1C3838D42E9%257d%26_CreateFromType%3d10067%26etc%3d127%26id%3d%257b94E4C1CC-E1BC-F011-812C-FC523EED4565%257d&histKey=619881504&newWindow=true&pagetype=entityrecord#764818161
عرض فايلو علي تكيفات هاير,"عرض فايلو علي تكيفات هاير
العرض ساري علي فترة سداد 12 شهر
العرض هو (نقل مجاني حصري من خلال الكول سنتر) + ( 0% مقدم - 0% فوائد – 0% مصاريف ادارية)",23 اكتوبر,30 نوفمبر او نفاذ الكمية,"شركات تمويل ""فايلو""",http://crm-btech.b-tech.local/BTECH/main.aspx?etc=127&extraqs=%3fetc%3d127%26id%3d%257bdf21de64-6fae-f011-812c-fc523eed4565%257d&histKey=961647902&newWindow=true&pagetype=entityrecord#
"عرض ""سهولة"" مع بي تك للبلاك فرايدي","عرض مع سهولة علي جميع المنتجات 
فترة سداد 6 شهور ( 0% مقدم + 0% فوائد + 13% مصاريف ادارية)
فترة سداد 9 شهور ( 0% مقدم + 0% فوائد + 14% مصاريف ادارية)
فترة سداد 12 شهور ( 0% مقدم + 0% فوائد + 15% مصاريف ادارية)
فترة سداد 15 شهور ( 0% مقدم + 0% فوائد + 16.5% مصاريف ادارية)
فترة سداد 18 شهور ( 0% مقدم + 0% فوائد + 18% مصاريف ادارية)",1 نوفمبر,30 نوفمبر,"شركات تمويل ""سهولة""",http://crm-btech.b-tech.local/BTECH/main.aspx?etc=127&extraqs=%3fetc%3d127%26id%3d%257b48bc0f2f-71b6-f011-812c-fc523eed4565%257d&histKey=961647902&newWindow=true&pagetype=entityrecord#656804741
"عرض ""سفن Seven"" مع بي تك للبلاك فرايدي","عرض (سفن Seven) مع بي تك للبلاك فرايدي علي جميع المنتجات
يتم التنفيذ من الكول سنتر في الفروع فقط
فترة سداد 6 شهور (0% مقدم + 0% فوائد + 6% مصاريف ادارية)
فترة سداد 7 شهور (0% مقدم + 0% فوائد + 6% مصاريف ادارية)
فترة سداد 9 شهور (0% مقدم + 0% فوائد + 10% مصاريف ادارية)
فترة سداد 17 شهر (0% مقدم + 0% فوائد + 17% مصاريف ادارية)",1 نوفمبر,30 نوفمبر,"شركات تمويل ""سفن Seven""",http://crm-btech.b-tech.local/BTECH/main.aspx?etc=127&extraqs=%3fetc%3d127%26id%3d%257b377c13b3-65b6-f011-812c-fc523eed4565%257d&histKey=961647902&newWindow=true&pagetype=entityrecord#754293114
عرض بدون فوائد مع حالا على موبايل HONOR X9d,اشتري موبايل هونر X9d بـ (0%  مقدم +  0%  فائدة +  0%  مصاريف إدارية),30 اكتوبر,30 نوفمبر,"شركات تمويل ""حالا""",http://crm-btech.b-tech.local/BTECH/main.aspx?etc=127&extraqs=%3fetc%3d127%26id%3d%257b6d89e25c-f1b4-f011-812c-fc523eed4565%257d&histKey=961647902&newWindow=true&pagetype=entityrecord#
"عرض ""حالا"" مع بي تك للبلاك فرايدي","عرض حالا مع بي تك للبلاك فرايدي علي جميع المنتجات
العرض ساري علي فترات سداد 24 و 30 و 36
العرض هو (0% مقدم + 0% مصاريف + خصم 40% علي سعر المنتج)",1 نوفمبر,30 نوفمبر,"شركات تمويل ""حالا""",http://crm-btech.b-tech.local/BTECH/main.aspx?etc=127&extraqs=%3fetc%3d127%26id%3d%257b93065e09-73b6-f011-812c-fc523eed4565%257d&histKey=961647902&newWindow=true&pagetype=entityrecord#155610129
"عرض ""امان"" مع بي تك للبلاك فرايدي","عرض امان مع بي تك للبلاك فرايدي علي جميع المنتجات
العرض ساري علي جميع فترات السداد
العرض هو (0% مقدم + 0% مصاريف + خصم 50% علي الفايدة)",1 نوفمبر,30 نوفمبر,"شركات تمويل ""امان""",http://crm-btech.b-tech.local/BTECH/main.aspx?etc=127&extraqs=%3fetc%3d127%26id%3d%257b7b439fde-43b6-f011-812c-fc523eed4565%257d&histKey=961647902&newWindow=true&pagetype=entityrecord#224544246
 عروض تكييفات الجمعة البيضاء من بي تك," عروض تكييفات الجمعة البيضاء من بي تك
استمتع بأكبر خصومات الجمعة البيضاء على جميع تكييفات:
شارب – تورنيدو – إل جي – يونيون – كاريير – ميديا – فريش – هايير
عروض التكيفات خصم على سعر المنتج
عروض على كل القدرات والأنواع من 1.5 إلى 5 حصان انفرتر وعادي
خصومات تصل إلى أكثر من 20%",30 اكتوبر ,حتي نفاذ الكمية,سعر خصم كاش,http://crm-btech.b-tech.local/BTECH/main.aspx?etc=127&extraqs=%3f_CreateFromId%3d%257b55FB9F03-10EE-EB11-80E7-A1C3838D42E9%257d%26_CreateFromType%3d10067%26etc%3d127%26id%3d%257b63265FF5-9FB5-F011-812C-FC523EED4565%257d&histKey=33601888&newWindow=true&pagetype=entityrecord#725870970
عرض العربي مع شركات التمويل سهولة × فاليو × سفن × كونتاكت × كلفر,"عرض العربي × سهولة × فاليو × سفن × كونتاكت × كلفر

عرض العربي المميز طوال شهر نوفمبر علي 12 شهر (0% مقدم + 0% فوائد + 0% مصاريف ادارية) ",1 نوفمبر,30 نوفمبر,"تمويل ""سهولة - فاليو - سفن - كونتاكت × كلفر""",http://crm-btech.b-tech.local/BTECH/main.aspx?etc=127&extraqs=%3f_CreateFromId%3d%257b55FB9F03-10EE-EB11-80E7-A1C3838D42E9%257d%26_CreateFromType%3d10067%26etc%3d127%26id%3d%257b080CAFD2-FBB7-F011-812C-FC523EED4565%257d&histKey=359260485&newWindow=true&pagetype=entityrecord#536613120
 مجلة بي تك لشهر نوفمبر, فيها كل التفاصيل عن أحدث المنتجات والعروض الحالية,1 نوفمبر,30 نوفمبر,التفاصيل في المجلة,"  https://online.fliphtml5.com/sshtf/axvu/
"
